时间戳,页码,date,qishu,result
2025-11-05 17:24:54,2,2025-10-12,2025117,"[""06"", ""08"", ""17"", ""20"", ""25"", ""33"", ""10""]"
2025-11-05 17:24:54,2,2025-10-09,2025116,"[""02"", ""04"", ""08"", ""24"", ""28"", ""31"", ""09""]"
2025-11-05 17:24:54,2,2025-10-07,2025115,"[""02"", ""03"", ""08"", ""19"", ""24"", ""30"", ""02""]"
2025-11-05 17:24:54,2,2025-10-05,2025114,"[""01"", ""20"", ""21"", ""25"", ""26"", ""27"", ""10""]"
2025-11-05 17:24:54,2,2025-09-30,2025113,"[""08"", ""10"", ""13"", ""15"", ""24"", ""31"", ""16""]"
2025-11-05 17:24:54,2,2025-09-28,2025112,"[""03"", ""09"", ""11"", ""13"", ""20"", ""32"", ""02""]"
2025-11-05 17:24:54,2,2025-09-25,2025111,"[""09"", ""14"", ""18"", ""28"", ""31"", ""33"", ""12""]"
2025-11-05 17:24:54,2,2025-09-23,2025110,"[""01"", ""05"", ""11"", ""14"", ""16"", ""19"", ""08""]"
2025-11-05 17:24:54,2,2025-09-21,2025109,"[""05"", ""06"", ""09"", ""17"", ""18"", ""31"", ""03""]"
2025-11-05 17:24:54,2,2025-09-18,2025108,"[""01"", ""09"", ""14"", ""17"", ""22"", ""33"", ""07""]"
